condition,architecture,protocol,faithfulness,answer_relevancy,context_relevance,n,n_answer_relevancy
K1,gemma2,end_to_end,,0.3589002689793802,,89,74
K1,llama3.2,end_to_end,,0.31693372749209753,,89,89
K2,gemma2,controlled,0.7790930979133226,0.5746818860263398,0.9634831460674157,89,72
K2,gemma2,end_to_end,0.8108792580702693,0.5698661097556297,0.949438202247191,89,72
K2,llama3.2,controlled,0.7957707710516699,0.6847636970516062,0.9578651685393258,89,89
K2,llama3.2,end_to_end,0.7595249787665519,0.6732274827251685,0.9634831460674157,89,89
K3,gemma2,end_to_end,,0.575941547007865,,89,85
K3,llama3.2,end_to_end,,0.5779451686679079,,89,88
K4,gemma2,controlled,0.8228731942215087,0.6330215502971346,0.9578651685393258,89,89
K4,gemma2,end_to_end,0.8030303030303031,0.6206666284774219,0.9545454545454546,89,89
K4,llama3.2,controlled,0.8314173030465165,0.5962155038035214,0.9606741573033708,89,89
K4,llama3.2,end_to_end,0.8260054396290352,0.5982644402625736,0.9662921348314607,89,89
K5,deepseek,controlled,0.8946374162666297,0.4649604257299884,0.9578651685393258,89,89
K5,deepseek,end_to_end,0.920016339869281,0.4608545175081762,0.952247191011236,89,89
