model_key,scenario,faithfulness_mean,faithfulness_count,faithfulness_std,faithfulness_median,answer_relevancy_mean,answer_relevancy_count,answer_relevancy_std,answer_relevancy_median,context_relevance_mean,context_relevance_count,context_relevance_std,context_relevance_median
deepseek-flash,1_faktual_berbasis_narasi,0.9,1,,0.9,0.6897260583526078,1,,0.6897260583526078,1.0,1,,1.0
deepseek-flash,2_interpretatif_ringan,1.0,1,,1.0,0.6685683360162208,1,,0.6685683360162208,1.0,1,,1.0
deepseek-flash,3_variasi_gaya_bahasa,0.7142857142857143,1,,0.7142857142857143,0.47711106411955884,1,,0.47711106411955884,1.0,1,,1.0
deepseek-flash,4_di_luar_konteks,,0,,,0.0,3,0.0,0.0,,0,,
deepseek-flash,5_kesalahan_ketik,1.0,2,0.0,1.0,0.4792506232636989,3,0.41762687875890403,0.6724933957464093,1.0,2,0.0,1.0
gemma2-finetuned,1_faktual_berbasis_narasi,0.71875,4,0.4827762594273528,0.9375,0.6710026088707344,4,0.1833786146492401,0.5999435932635795,1.0,4,0.0,1.0
gemma2-finetuned,2_interpretatif_ringan,0.8541666666666666,4,0.1717960677340692,0.875,0.46917427404213297,4,0.10763802461603515,0.43005562126806357,1.0,4,0.0,1.0
gemma2-finetuned,3_variasi_gaya_bahasa,0.96875,4,0.0625,1.0,0.6068273884953623,4,0.04110209848224063,0.6044860975901328,1.0,4,0.0,1.0
gemma2-finetuned,4_di_luar_konteks,1.0,1,,1.0,0.0,4,0.0,0.0,0.25,1,,0.25
gemma2-finetuned,5_kesalahan_ketik,1.0,3,0.0,1.0,0.49462849751338933,4,0.35636296058555594,0.5710926160505179,1.0,3,0.0,1.0
llama3.2-finetuned,1_faktual_berbasis_narasi,0.9166666666666666,4,0.16666666666666669,1.0,0.49147747856595325,4,0.07944161311010865,0.4893788114849076,1.0,4,0.0,1.0
llama3.2-finetuned,2_interpretatif_ringan,0.9642857142857143,4,0.07142857142857145,1.0,0.617622537544897,4,0.15337439323139654,0.677811647167234,1.0,4,0.0,1.0
llama3.2-finetuned,3_variasi_gaya_bahasa,0.7083333333333333,4,0.3435921354681384,0.75,0.6369082233069998,4,0.12586909859997672,0.6138848124987437,1.0,4,0.0,1.0
llama3.2-finetuned,4_di_luar_konteks,1.0,1,,1.0,0.0,4,0.0,0.0,0.0,1,,0.0
llama3.2-finetuned,5_kesalahan_ketik,0.9166666666666666,3,0.14433756729740646,1.0,0.39882120113830855,4,0.28060491753830036,0.47542964809775345,1.0,3,0.0,1.0
