model_key,scenario,metric,status,n
deepseek-flash,1_faktual_berbasis_narasi,faithfulness,empty_answer,3
deepseek-flash,1_faktual_berbasis_narasi,faithfulness,ok,1
deepseek-flash,2_interpretatif_ringan,faithfulness,empty_answer,3
deepseek-flash,2_interpretatif_ringan,faithfulness,ok,1
deepseek-flash,3_variasi_gaya_bahasa,faithfulness,empty_answer,3
deepseek-flash,3_variasi_gaya_bahasa,faithfulness,ok,1
deepseek-flash,4_di_luar_konteks,faithfulness,empty_answer,1
deepseek-flash,4_di_luar_konteks,faithfulness,empty_retrieval,3
deepseek-flash,5_kesalahan_ketik,faithfulness,empty_answer,1
deepseek-flash,5_kesalahan_ketik,faithfulness,empty_retrieval,1
deepseek-flash,5_kesalahan_ketik,faithfulness,ok,2
gemma2-finetuned,1_faktual_berbasis_narasi,faithfulness,ok,4
gemma2-finetuned,2_interpretatif_ringan,faithfulness,ok,4
gemma2-finetuned,3_variasi_gaya_bahasa,faithfulness,ok,4
gemma2-finetuned,4_di_luar_konteks,faithfulness,empty_retrieval,3
gemma2-finetuned,4_di_luar_konteks,faithfulness,ok,1
gemma2-finetuned,5_kesalahan_ketik,faithfulness,empty_retrieval,1
gemma2-finetuned,5_kesalahan_ketik,faithfulness,ok,3
llama3.2-finetuned,1_faktual_berbasis_narasi,faithfulness,ok,4
llama3.2-finetuned,2_interpretatif_ringan,faithfulness,ok,4
llama3.2-finetuned,3_variasi_gaya_bahasa,faithfulness,ok,4
llama3.2-finetuned,4_di_luar_konteks,faithfulness,empty_retrieval,3
llama3.2-finetuned,4_di_luar_konteks,faithfulness,ok,1
llama3.2-finetuned,5_kesalahan_ketik,faithfulness,empty_retrieval,1
llama3.2-finetuned,5_kesalahan_ketik,faithfulness,ok,3
deepseek-flash,1_faktual_berbasis_narasi,answer_relevancy,empty_answer,3
deepseek-flash,1_faktual_berbasis_narasi,answer_relevancy,ok,1
deepseek-flash,2_interpretatif_ringan,answer_relevancy,empty_answer,3
deepseek-flash,2_interpretatif_ringan,answer_relevancy,ok,1
deepseek-flash,3_variasi_gaya_bahasa,answer_relevancy,empty_answer,3
deepseek-flash,3_variasi_gaya_bahasa,answer_relevancy,ok,1
deepseek-flash,4_di_luar_konteks,answer_relevancy,empty_answer,1
deepseek-flash,4_di_luar_konteks,answer_relevancy,ok,3
deepseek-flash,5_kesalahan_ketik,answer_relevancy,empty_answer,1
deepseek-flash,5_kesalahan_ketik,answer_relevancy,ok,3
gemma2-finetuned,1_faktual_berbasis_narasi,answer_relevancy,ok,4
gemma2-finetuned,2_interpretatif_ringan,answer_relevancy,ok,4
gemma2-finetuned,3_variasi_gaya_bahasa,answer_relevancy,ok,4
gemma2-finetuned,4_di_luar_konteks,answer_relevancy,ok,4
gemma2-finetuned,5_kesalahan_ketik,answer_relevancy,ok,4
llama3.2-finetuned,1_faktual_berbasis_narasi,answer_relevancy,ok,4
llama3.2-finetuned,2_interpretatif_ringan,answer_relevancy,ok,4
llama3.2-finetuned,3_variasi_gaya_bahasa,answer_relevancy,ok,4
llama3.2-finetuned,4_di_luar_konteks,answer_relevancy,ok,4
llama3.2-finetuned,5_kesalahan_ketik,answer_relevancy,ok,4
deepseek-flash,1_faktual_berbasis_narasi,context_relevance,empty_answer,3
deepseek-flash,1_faktual_berbasis_narasi,context_relevance,ok,1
deepseek-flash,2_interpretatif_ringan,context_relevance,empty_answer,3
deepseek-flash,2_interpretatif_ringan,context_relevance,ok,1
deepseek-flash,3_variasi_gaya_bahasa,context_relevance,empty_answer,3
deepseek-flash,3_variasi_gaya_bahasa,context_relevance,ok,1
deepseek-flash,4_di_luar_konteks,context_relevance,empty_answer,1
deepseek-flash,4_di_luar_konteks,context_relevance,empty_retrieval,3
deepseek-flash,5_kesalahan_ketik,context_relevance,empty_answer,1
deepseek-flash,5_kesalahan_ketik,context_relevance,empty_retrieval,1
deepseek-flash,5_kesalahan_ketik,context_relevance,ok,2
gemma2-finetuned,1_faktual_berbasis_narasi,context_relevance,ok,4
gemma2-finetuned,2_interpretatif_ringan,context_relevance,ok,4
gemma2-finetuned,3_variasi_gaya_bahasa,context_relevance,ok,4
gemma2-finetuned,4_di_luar_konteks,context_relevance,empty_retrieval,3
gemma2-finetuned,4_di_luar_konteks,context_relevance,ok,1
gemma2-finetuned,5_kesalahan_ketik,context_relevance,empty_retrieval,1
gemma2-finetuned,5_kesalahan_ketik,context_relevance,ok,3
llama3.2-finetuned,1_faktual_berbasis_narasi,context_relevance,ok,4
llama3.2-finetuned,2_interpretatif_ringan,context_relevance,ok,4
llama3.2-finetuned,3_variasi_gaya_bahasa,context_relevance,ok,4
llama3.2-finetuned,4_di_luar_konteks,context_relevance,empty_retrieval,3
llama3.2-finetuned,4_di_luar_konteks,context_relevance,ok,1
llama3.2-finetuned,5_kesalahan_ketik,context_relevance,empty_retrieval,1
llama3.2-finetuned,5_kesalahan_ketik,context_relevance,ok,3
