Model A,Model B,p-value,Signifikan
Llama-3.1-8B,Llama3.2-3B,0.304062,Tidak
Llama-3.1-8B,Gemma-2-2B,0.254134,Tidak
Llama-3.1-8B,Mistral-7B,0.217984,Tidak
Llama-3.1-8B,Qwen2.5-7B,0.031793,Tidak
Llama-3.1-8B,Phi-3.5-mini,0.01061,Tidak
Llama-3.1-8B,Llama3.2-1B,2e-06,Ya
Llama-3.1-8B,Qwen2.5-3B,0.0,Ya
Llama-3.1-8B,Qwen2.5-1.5B,0.0,Ya
Llama-3.1-8B,Qwen2.5-0.5B,0.0,Ya
Llama-3.1-8B,SmolLM2-360M,0.0,Ya
Llama-3.1-8B,SmolLM2-135M,0.0,Ya
Llama3.2-3B,Gemma-2-2B,0.95509,Tidak
Llama3.2-3B,Mistral-7B,0.854779,Tidak
Llama3.2-3B,Qwen2.5-7B,0.307392,Tidak
Llama3.2-3B,Phi-3.5-mini,0.150998,Tidak
Llama3.2-3B,Llama3.2-1B,1e-06,Ya
Llama3.2-3B,Qwen2.5-3B,0.0,Ya
Llama3.2-3B,Qwen2.5-1.5B,0.0,Ya
Llama3.2-3B,Qwen2.5-0.5B,0.0,Ya
Llama3.2-3B,SmolLM2-360M,0.0,Ya
Llama3.2-3B,SmolLM2-135M,0.0,Ya
Gemma-2-2B,Mistral-7B,0.960699,Tidak
Gemma-2-2B,Qwen2.5-7B,0.382721,Tidak
Gemma-2-2B,Phi-3.5-mini,0.223295,Tidak
Gemma-2-2B,Llama3.2-1B,1.1e-05,Ya
Gemma-2-2B,Qwen2.5-3B,1e-06,Ya
Gemma-2-2B,Qwen2.5-1.5B,0.0,Ya
Gemma-2-2B,Qwen2.5-0.5B,0.0,Ya
Gemma-2-2B,SmolLM2-360M,0.0,Ya
Gemma-2-2B,SmolLM2-135M,0.0,Ya
Mistral-7B,Qwen2.5-7B,0.225983,Tidak
Mistral-7B,Phi-3.5-mini,0.083318,Tidak
Mistral-7B,Llama3.2-1B,1e-06,Ya
Mistral-7B,Qwen2.5-3B,0.0,Ya
Mistral-7B,Qwen2.5-1.5B,0.0,Ya
Mistral-7B,Qwen2.5-0.5B,0.0,Ya
Mistral-7B,SmolLM2-360M,0.0,Ya
Mistral-7B,SmolLM2-135M,0.0,Ya
Qwen2.5-7B,Phi-3.5-mini,0.68824,Tidak
Qwen2.5-7B,Llama3.2-1B,5e-06,Ya
Qwen2.5-7B,Qwen2.5-3B,0.0,Ya
Qwen2.5-7B,Qwen2.5-1.5B,0.0,Ya
Qwen2.5-7B,Qwen2.5-0.5B,0.0,Ya
Qwen2.5-7B,SmolLM2-360M,0.0,Ya
Qwen2.5-7B,SmolLM2-135M,0.0,Ya
Phi-3.5-mini,Llama3.2-1B,4e-06,Ya
Phi-3.5-mini,Qwen2.5-3B,0.0,Ya
Phi-3.5-mini,Qwen2.5-1.5B,0.0,Ya
Phi-3.5-mini,Qwen2.5-0.5B,0.0,Ya
Phi-3.5-mini,SmolLM2-360M,0.0,Ya
Phi-3.5-mini,SmolLM2-135M,0.0,Ya
Llama3.2-1B,Qwen2.5-3B,0.066169,Tidak
Llama3.2-1B,Qwen2.5-1.5B,1e-06,Ya
Llama3.2-1B,Qwen2.5-0.5B,0.0,Ya
Llama3.2-1B,SmolLM2-360M,0.0,Ya
Llama3.2-1B,SmolLM2-135M,0.0,Ya
Qwen2.5-3B,Qwen2.5-1.5B,0.001612,Tidak
Qwen2.5-3B,Qwen2.5-0.5B,0.000118,Ya
Qwen2.5-3B,SmolLM2-360M,5.3e-05,Ya
Qwen2.5-3B,SmolLM2-135M,3e-05,Ya
Qwen2.5-1.5B,Qwen2.5-0.5B,0.248289,Tidak
Qwen2.5-1.5B,SmolLM2-360M,0.212753,Tidak
Qwen2.5-1.5B,SmolLM2-135M,0.063096,Tidak
Qwen2.5-0.5B,SmolLM2-360M,0.662497,Tidak
Qwen2.5-0.5B,SmolLM2-135M,0.31749,Tidak
SmolLM2-360M,SmolLM2-135M,0.459808,Tidak
