rank,model,indommlu_acc,indocareer_acc,final_score_50_50,mmlu_Agama Hindu,mmlu_Agama Islam,mmlu_Agama Kristen,mmlu_Bahasa Bali,mmlu_Bahasa Banjar,mmlu_Bahasa Dayak Ngaju,mmlu_Bahasa Indonesia,mmlu_Bahasa Jawa,mmlu_Bahasa Lampung,mmlu_Bahasa Madura,mmlu_Bahasa Makassar,mmlu_Bahasa Sunda,mmlu_Biologi,mmlu_Budaya Alam Minangkabau,mmlu_Ekonomi,mmlu_Fisika,mmlu_Geografi,mmlu_IPA,mmlu_IPS,mmlu_Kesenian,mmlu_Kimia,mmlu_PPKN,mmlu_Penjaskes,mmlu_Sejarah,mmlu_Sosiologi,career_Creative and Design,career_Education and Training,career_Healthcare and Medical,career_Insurance and Financial,career_Legal and Law Enforcement,career_Tourism and Hospitality
1,Llama-3.1-8B,48.5576,50.3992,49.4784,47.62,60.57,58.08,30.56,30.5,27.36,54.24,34.88,34.03,23.97,28.42,37.44,49.05,37.24,48.04,40.65,45.38,61.53,75.0,58.36,32.26,61.06,45.52,46.46,51.32,61.38,51.71,43.05,51.38,46.01,59.27
2,Llama3.2-3B,44.888,45.5178,45.2029,37.41,50.57,54.55,26.92,34.75,30.19,52.68,32.86,31.25,32.19,28.42,36.74,39.07,37.24,45.36,39.02,40.04,55.64,65.1,54.85,30.06,51.72,46.9,41.21,47.87,54.49,49.32,38.01,47.57,41.04,52.06
3,Gemma-2-2B,43.989,43.7386,43.8638,41.5,51.14,53.03,29.91,36.17,25.47,50.34,30.84,31.25,26.71,32.24,35.01,40.02,39.29,41.65,39.23,40.86,55.95,66.61,53.68,27.57,52.44,52.41,38.59,44.83,52.77,49.2,32.11,48.16,41.04,52.86
4,Mistral-7B,43.298,44.0237,43.6609,51.02,51.0,47.98,31.84,39.01,24.53,48.22,30.94,29.86,29.45,36.61,35.27,40.86,35.2,42.89,40.85,39.01,50.36,61.24,50.5,32.26,49.57,47.59,44.65,44.42,53.58,48.18,33.87,46.52,41.85,54.0
5,Qwen2.5-7B,40.259,41.7085,40.9837,40.14,52.71,53.03,28.21,30.5,35.85,42.27,29.32,32.64,32.53,30.6,32.24,38.6,34.69,40.41,39.02,39.43,50.26,57.55,48.66,27.27,46.12,42.07,36.57,39.76,48.5,43.85,34.96,45.14,40.81,43.02
6,Phi-3.5-mini,40.1114,41.0128,40.5621,42.18,44.29,45.45,30.77,39.01,29.25,45.64,32.96,34.03,27.05,32.24,32.58,40.5,31.63,41.44,36.38,37.78,47.67,57.38,40.13,29.62,40.95,36.55,35.76,41.78,50.68,42.6,34.44,43.22,37.57,44.62
7,Llama3.2-1B,31.8328,31.4667,31.6498,35.37,35.57,29.29,27.14,33.33,31.13,34.77,29.32,26.39,31.16,27.87,29.98,28.15,31.12,30.52,28.46,29.77,36.09,41.44,31.77,25.66,33.91,27.59,28.69,27.79,35.81,33.71,27.03,33.0,31.21,33.3
8,Qwen2.5-3B,29.9007,29.6419,29.7713,29.93,30.57,32.83,30.98,23.4,18.87,31.56,27.81,31.25,29.11,27.32,28.77,26.84,25.51,25.15,28.05,24.02,34.95,39.77,34.11,24.19,33.48,32.41,24.44,27.99,33.0,29.61,26.47,31.2,27.05,33.41
9,Qwen2.5-1.5B,26.439,25.536,25.9875,28.57,27.86,29.29,30.13,26.95,28.3,29.47,23.36,30.56,22.95,26.78,29.38,22.09,26.02,17.53,22.56,19.1,27.51,31.54,24.75,22.43,28.02,23.45,26.06,24.75,26.75,26.2,23.35,28.02,25.9,22.88
10,Qwen2.5-0.5B,25.104,25.1141,25.109,25.17,25.0,25.25,26.71,25.53,28.3,26.04,26.69,29.17,26.03,28.42,29.03,22.57,23.98,19.38,19.72,21.56,25.34,27.18,24.41,20.82,24.28,33.79,25.25,22.92,23.66,24.72,24.44,27.51,24.05,23.91
11,SmolLM2-360M,24.7618,24.7947,24.7783,27.21,23.57,25.25,29.06,26.95,24.53,25.61,24.27,32.64,26.37,29.51,29.29,22.92,24.49,18.97,20.12,21.36,24.1,25.34,23.58,21.7,25.43,31.03,23.43,22.52,23.39,23.35,24.36,26.55,23.93,25.4
12,SmolLM2-135M,24.7283,24.099,24.4136,25.85,25.14,21.72,27.78,21.99,33.96,25.14,25.48,28.47,25.34,27.32,30.68,21.62,20.92,20.41,18.9,20.33,23.58,26.51,24.75,21.41,26.44,33.1,23.23,22.92,22.94,22.89,23.38,26.34,22.77,24.14
