Model,Aspek,Sumber,Base,Fine-tuned,Selisih,Signifikansi
Gemma-2-2B,Exact Match,Otomatis,0.5892,0.7259,0.1367,"p < 0,001"
Gemma-2-2B,Token F1,Otomatis,0.45,0.7236,0.2735,"p < 0,001"
Gemma-2-2B,ROUGE-L,Otomatis,0.3701,0.6519,0.2818,"p < 0,001"
Gemma-2-2B,IndoBERTScore,Otomatis,0.7651,0.8911,0.126,"p < 0,001"
Llama-3.2-3B,Exact Match,Otomatis,0.5281,0.7066,0.1785,"p < 0,001"
Llama-3.2-3B,Token F1,Otomatis,0.411,0.7215,0.3105,"p < 0,001"
Llama-3.2-3B,ROUGE-L,Otomatis,0.3356,0.6525,0.3168,"p < 0,001"
Llama-3.2-3B,IndoBERTScore,Otomatis,0.7435,0.8899,0.1464,"p < 0,001"
Gemma-2-2B,Kelancaran bahasa,Manusia,4.322,3.9,-0.422,p = 0.0010
Gemma-2-2B,Ketepatan faktual,Manusia,4.233,4.378,0.144,p = 0.3318
Gemma-2-2B,Kelengkapan,Manusia,4.422,4.589,0.167,p = 0.5943
Llama-3.2-3B,Kelancaran bahasa,Manusia,4.6,3.911,-0.689,"p < 0,001"
Llama-3.2-3B,Ketepatan faktual,Manusia,4.0,4.333,0.333,p = 0.1862
Llama-3.2-3B,Kelengkapan,Manusia,4.033,4.556,0.522,p = 0.0082
