scenario_id,model_key,variant,typo_severity,typo_operations,question,base_question_id,faithfulness,answer_relevancy,context_relevance,delta_faithfulness_vs_clean,delta_answer_relevancy_vs_clean,delta_context_relevance_vs_clean
Q017,llama3.2-finetuned,minor,minor,delete_1_character,Berapa persentase penduduk lanjut usia di Indonesia menurut publikasi Statistik Penduduk Lanjut Usia edsi terbaru?,S1_F01,1.0,0.6444255083577272,1.0,0.0,0.07163828651360515,0.0
Q017,gemma2-finetuned,minor,minor,delete_1_character,Berapa persentase penduduk lanjut usia di Indonesia menurut publikasi Statistik Penduduk Lanjut Usia edsi terbaru?,S1_F01,1.0,0.8363287579525217,1.0,0.0,-0.10192068010676802,0.0
Q017,deepseek-flash,minor,minor,delete_1_character,Berapa persentase penduduk lanjut usia di Indonesia menurut publikasi Statistik Penduduk Lanjut Usia edsi terbaru?,S1_F01,,,,,,
Q018,llama3.2-finetuned,minor,minor,swap_2_characters,Berapa Indeks Perilaku Anti Korupsi (IPAK) nasional pada edisi terkahir? Saya butuh angka pastinya.,S1_F03,0.75,0.4249329910459289,1.0,0.08333333333333337,0.01056792159605302,0.0
Q018,gemma2-finetuned,minor,minor,swap_2_characters,Berapa Indeks Perilaku Anti Korupsi (IPAK) nasional pada edisi terkahir? Saya butuh angka pastinya.,S1_F03,1.0,0.6338370885085102,1.0,1.0,-0.00915472039806231,0.0
Q018,deepseek-flash,minor,minor,swap_2_characters,Berapa Indeks Perilaku Anti Korupsi (IPAK) nasional pada edisi terkahir? Saya butuh angka pastinya.,S1_F03,1.0,0.7652584740446874,1.0,0.09999999999999998,0.07553241569207958,0.0
Q019,llama3.2-finetuned,major,major,delete+replace+swap_multiple_words,"Ank-anak kcil di Indoensia skarang kondisinya gmna ya, ada datanya nggak?",S1_F02,,0.0,,,-0.43295850094904015,
Q019,gemma2-finetuned,major,major,delete+replace+swap_multiple_words,"Ank-anak kcil di Indoensia skarang kondisinya gmna ya, ada datanya nggak?",S1_F02,,0.0,,,-0.5458738108964888,
Q019,deepseek-flash,major,major,delete+replace+swap_multiple_words,"Ank-anak kcil di Indoensia skarang kondisinya gmna ya, ada datanya nggak?",S1_F02,,0.0,,,,
Q020,llama3.2-finetuned,major,major,delete+replace+swap_multiple_words,Apa yang dimaksd dgn Indkes Khuss Penanganan Stuntng (IKPS) mnurut publikasi BPS?,S1_F04,1.0,0.525926305149578,1.0,0.0,-0.01987281687119702,0.0
Q020,gemma2-finetuned,major,major,delete+replace+swap_multiple_words,Apa yang dimaksd dgn Indkes Khuss Penanganan Stuntng (IKPS) mnurut publikasi BPS?,S1_F04,1.0,0.5083481435925256,1.0,0.0,-0.048547234028060826,0.0
Q020,deepseek-flash,major,major,delete+replace+swap_multiple_words,Apa yang dimaksd dgn Indkes Khuss Penanganan Stuntng (IKPS) mnurut publikasi BPS?,S1_F04,1.0,0.6724933957464093,1.0,,,
